query_id,query_text,intent_category,video_title,creator_handle,description_snippet,result_language,score,flag
Q01,how to remove gel nail polish at home,Informational,Remove Gel Nails at Home — No Damage!,@nailsbynik,Soaking cotton in acetone and wrapping each nail — the safest way to remove gel at home without breaking the nail bed.,English,3,
Q01,how to remove gel nail polish at home,Informational,Gel Nails Removal Hack in 5 Mins,@beautyquicktips,No acetone needed — she uses a surprising pantry item to lift gel polish.,English,3,
Q01,how to remove gel nail polish at home,Informational,DIY Gel Removal Gone Wrong,@glamnailsco,Shows what NOT to do when peeling gel nails — correct soak-off method included.,English,2,
Q01,how to remove gel nail polish at home,Informational,Nail salon ASMR — gel removal close up,@asmrbeauty,Relaxing close-up of a nail technician removing gel polish. No narration.,English,2,
Q01,how to remove gel nail polish at home,Informational,ネイルオフのやり方【簡単】,@nail_japan_official,Step-by-step Japanese tutorial on gel nail removal — no English subtitles.,Japanese,0,Wrong language — Japanese result for English query
Q02,signs of a bad transmission,Informational,5 Signs Your Transmission Is Failing,@cartipswith_mike,"Lists slipping gears, delayed engagement, unusual noises, fluid leaks, and warning lights.",English,3,
Q02,signs of a bad transmission,Informational,My transmission was going out and I didn't know,@drivingemily,Storytime about ignoring early warning signs — ends with a $4000 repair bill.,English,3,
Q02,signs of a bad transmission,Informational,Manual vs Auto Transmission Differences,@mechanicmatt,Comparison of manual and automatic transmissions — not about failure signs.,English,1,"Off-topic — about types of transmission, not failure signs"
Q02,signs of a bad transmission,Informational,Transmission fluid change step by step,@diyautorepair,How to change transmission fluid — not about diagnosing a failing transmission.,English,1,"Off-topic — about maintenance, not diagnosing failure"
Q02,signs of a bad transmission,Informational,Como saber si tu transmision esta fallando,@mecanico_pro,Spanish language video on transmission failure signs. No English subtitles.,Spanish,0,Wrong language — Spanish result for English query
Q03,what does serotonin do,Informational,Serotonin Explained in 60 Seconds,@sciencebrain,"Accurate breakdown: mood regulation, sleep, digestion, and the gut-brain connection.",English,3,
Q03,what does serotonin do,Informational,Why you feel good after exercise — serotonin,@healthcoach_jen,Explains the link between physical activity and serotonin release.,English,3,
Q03,what does serotonin do,Informational,Natural ways to boost serotonin,@wellnesswithkate,"Lists sunlight, exercise, diet, and sleep. Practical and accurate.",English,2,
Q03,what does serotonin do,Informational,Serotonin vs Dopamine — what's the difference?,@psychologytoday_tt,Clear comparison of both neurotransmitters with animated graphics.,English,2,
Q03,what does serotonin do,Informational,Do antidepressants actually work? The serotonin debate,@drjordanmd,Nuanced discussion of the serotonin hypothesis for depression.,English,2,
Q04,how to make sourdough starter from scratch,Informational,Sourdough Starter Day 1 to Day 7 — Full Guide,@breadbaker_official,Complete 7-day time-lapse with daily feeding instructions and troubleshooting tips.,English,3,
Q04,how to make sourdough starter from scratch,Informational,My sourdough starter failed — here's why,@homebaker_fails,"Explains common starter mistakes: wrong flour, temperature, too much water.",English,3,
Q04,how to make sourdough starter from scratch,Informational,Sourdough bread recipe (uses active starter),@thebreadlab,Recipe that assumes an existing starter. Does not address how to make one.,English,1,"Off-topic — assumes starter exists, does not show how to make one"
Q04,how to make sourdough starter from scratch,Informational,Sourdough starter — 100% whole wheat method,@grainandgood,Alternative method using whole wheat flour for faster activation.,English,2,
Q04,how to make sourdough starter from scratch,Informational,Chef reacts to your sourdough starters,@chefreviews,Chef critiques viewer submissions — entertaining but low instructional value.,English,1,"Low value — entertainment, not instructional"
Q05,best exercises for lower back pain,Informational,5 Stretches for Lower Back Pain Relief,@drspinept,"Physical therapist demonstrates bird-dog, cat-cow, and hip flexor stretches.",English,3,
Q05,best exercises for lower back pain,Informational,Morning routine for a bad lower back,@physiofit,7-minute morning routine with modifications for beginners.,English,3,
Q05,best exercises for lower back pain,Informational,Lower back pain — what NOT to do,@backpain_relief,"Covers exercises that worsen back pain (aggressive sit-ups, toe touches).",English,2,
Q05,best exercises for lower back pain,Informational,Core strengthening for back pain prevention,@strengthcoach_dan,Focuses on deep core work. Slightly more advanced.,English,2,
Q05,best exercises for lower back pain,Informational,Yoga for back pain — full 20 min class,@yogawithclaudia,Guided yoga session. Well-produced but may not suit users seeking quick exercises.,English,2,
Q06,how to start investing with $100,Informational,Investing $100 — Step by Step for Beginners,@financewithfrank,"Covers index funds, fractional shares, and brokerage account setup.",English,3,
Q06,how to start investing with $100,Informational,I invested $100 a month for 5 years — results,@moneydiaries_tt,Personal finance storytime with real returns data.,English,3,
Q06,how to start investing with $100,Informational,Stocks vs ETFs vs Crypto for beginners,@investingiq,Comparison video — not specifically about starting with $100 but relevant.,English,2,
Q06,how to start investing with $100,Informational,Best investing apps in 2024,@appreviews_finance,"Reviews Robinhood, Fidelity, and Acorns for beginners.",English,2,
Q06,how to start investing with $100,Informational,Get rich quick with THIS investment,@cryptohype2024,Promotes a specific altcoin as a guaranteed return. Misleading.,English,0,Misleading financial claims — promotes guaranteed returns
Q07,how does compound interest work,Informational,Compound Interest Explained Simply,@moneymath_tt,Uses the snowball analogy. Clear and accurate with a 10-year growth chart.,English,3,
Q07,how does compound interest work,Informational,The Rule of 72 — compound interest hack,@financetips_daily,Teaches the Rule of 72 for estimating doubling time.,English,3,
Q07,how does compound interest work,Informational,Compound vs Simple Interest — what's the difference,@bankingbasics,Side-by-side comparison with worked example.,English,3,
Q07,how does compound interest work,Informational,Why banks don't want you to know this,@debtfreeguru,Clickbait title but content is a legitimate explanation of compound interest on debt.,English,1,Clickbait title — misleading framing
Q07,how does compound interest work,Informational,저축 이자 계산 방법,@koreainvesting,Korean tutorial on calculating savings interest. No English.,Korean,0,Wrong language — Korean result for English query
Q08,best skincare routine for oily skin,Informational,Skincare Routine for Oily Skin — Dermatologist Approved,@drskincare_md,"Board-certified dermatologist walks through cleanser, niacinamide serum, and non-comedogenic SPF.",English,3,
Q08,best skincare routine for oily skin,Informational,My oily skin routine that actually works,@glowup_withgrace,Before/after transformation with product list. Relatable format.,English,3,
Q08,best skincare routine for oily skin,Informational,Drugstore skincare for oily skin under $30,@budgetskincare,"Reviews CeraVe, La Roche-Posay, and Neutrogena specifically for oily skin.",English,3,
Q08,best skincare routine for oily skin,Informational,Why your moisturizer is making your skin MORE oily,@skinscience_tt,Explains the dehydration-oiliness feedback loop. Counterintuitive and accurate.,English,2,
Q08,best skincare routine for oily skin,Informational,My 12-step K-beauty routine,@kbeauty_addict,K-beauty routine for normal/combination skin — not specifically oily skin.,English,1,"Wrong audience — routine for normal/combination skin, not oily"
Q09,what to eat before a workout,Informational,Pre-workout Nutrition — What and When to Eat,@nutritionwithnat,"Sports dietitian covers carbs, protein timing, and hydration. Evidence-based.",English,3,
Q09,what to eat before a workout,Informational,5 Easy Pre-Workout Snacks,@fitfoodie_official,Quick snack ideas with macros listed. Practical and visually appealing.,English,3,
Q09,what to eat before a workout,Informational,Should you work out fasted?,@gymscience_tt,Balanced look at fasted vs fed training. Related but not a direct answer.,English,2,
Q09,what to eat before a workout,Informational,What I eat in a day as an athlete,@proathlete_fueling,Full day of eating — too broad for the specific query.,English,1,Too broad — not specifically about pre-workout eating
Q09,what to eat before a workout,Informational,Pre-workout supplement review (sponsored),@fitnesspromoter,Sponsored review of a pre-workout powder. Tangentially related but promotional.,English,0,Promotional content — no genuine informational value
Q10,how long does it take to learn guitar,Informational,How Long to Learn Guitar — Realistic Timeline,@guitarmasterclass_tt,"Breaks down beginner milestones: first chords in 1 week, songs in 1 month, fluent in 6-12 months.",English,3,
Q10,how long does it take to learn guitar,Informational,I learned guitar in 30 days — here's the truth,@30daychallenge_guitar,Documents a real 30-day learning journey with honest progress updates.,English,3,
Q10,how long does it take to learn guitar,Informational,Best apps to learn guitar in 2024,@appreviewer_music,"Reviews Yousician, Fender Play, and Simply Guitar.",English,2,
Q10,how long does it take to learn guitar,Informational,Guitar for beginners — first lesson,@guitarteacher_official,First lesson covering hand position and basic chord shapes.,English,1,"Off-topic — first lesson content, not about timeline"
Q10,how long does it take to learn guitar,Informational,Epic guitar solo compilation,@guitarsolos_daily,Entertainment compilation — unrelated to learning timeline.,English,0,"Wrong intent — entertainment, nothing to do with learning timeline"
Q11,how to lose belly fat fast,Informational,The Truth About Belly Fat — What Actually Works,@certifiedpt_sam,"Certified personal trainer debunks spot reduction myth, explains calorie deficit and strength training.",English,3,
Q11,how to lose belly fat fast,Informational,I lost 30 lbs — what actually changed,@weightloss_journey,"Personal transformation with honest timeline covering diet, sleep, and consistency.",English,3,
Q11,how to lose belly fat fast,Informational,Ab workout WILL NOT burn belly fat — here's why,@fitnessscience_tt,Evidence-based explanation of why core exercises alone don't reduce belly fat.,English,2,
Q11,how to lose belly fat fast,Informational,Belly fat burning foods you NEED,@dietmyths_tt,Misleading title — no food directly burns fat. Content is marginally useful.,English,1,Misleading title — no food directly burns fat
Q11,how to lose belly fat fast,Informational,Perder grasa abdominal rapido,@fitness_latino,Spanish-language belly fat workout video. No English subtitles.,Spanish,0,Wrong language — Spanish result for English query
Q12,how to improve credit score,Informational,5 Ways to Improve Your Credit Score Fast,@crediteducation_tt,"Covers on-time payments, utilization ratio, disputing errors, and authorized user strategy.",English,3,
Q12,how to improve credit score,Informational,I went from 580 to 780 credit score in 18 months,@creditrepair_diary,Personal finance storytime with specific tactics. Credible and motivating.,English,3,
Q12,how to improve credit score,Informational,What actually affects your FICO score — explained,@ficobasics,Breaks down the 5 FICO factors with percentage weights. Accurate.,English,3,
Q12,how to improve credit score,Informational,Credit card hacks 2024 (not financial advice),@moneyloopholes,Promotes balance transfer churning — potentially misleading as a blanket strategy.,English,1,Potentially misleading — blanket advice that may harm some users
Q12,how to improve credit score,Informational,Best credit cards for beginners,@creditcardreviewer,"Card recommendations — adjacent topic, not directly about improving score.",English,1,"Off-topic — about choosing cards, not improving score"
Q13,why is the sky blue,Informational,Why Is the Sky Blue? Rayleigh Scattering Explained,@physicsquick,60-second animation explaining light wavelength scattering. Accurate.,English,3,
Q13,why is the sky blue,Informational,Why is the sky RED at sunset? Same reason.,@sciencedaily_tt,Extends sky color concept to sunset and sunrise. Excellent follow-up content.,English,2,
Q13,why is the sky blue,Informational,Sky science — atmosphere layers explained,@atmospherics_101,Explains troposphere and why light interacts differently at altitude.,English,2,
Q13,why is the sky blue,Informational,Blue light glasses — do they actually work?,@visionhealth_tt,"About blue light and eye health — same keyword, completely wrong intent.",English,0,"Wrong intent — about eye health, not sky color"
Q13,why is the sky blue,Informational,Warum ist der Himmel blau? Einfach erklärt,@physik_deutsch,German explanation of Rayleigh scattering. No English subtitles.,German,0,Wrong language — German result for English query
Q14,how to meditate for beginners,Informational,5-Minute Beginner Meditation — Follow Along,@mindfulness_daily,"Guided breathing and body scan. Calm pacing, well-produced.",English,3,
Q14,how to meditate for beginners,Informational,Why meditation feels impossible at first — and what to do,@meditationcoach_tt,Addresses common beginner frustrations like racing thoughts.,English,3,
Q14,how to meditate for beginners,Informational,Box breathing technique — 4 seconds in hold out hold,@breathwork_basics,Simple breathing technique. Useful but narrower than full meditation guidance.,English,2,
Q14,how to meditate for beginners,Informational,Best meditation apps 2024 ranked,@appreviewer_wellness,"Reviews Headspace, Calm, and Insight Timer — adjacent, not instructional.",English,2,
Q14,how to meditate for beginners,Informational,Advanced Vipassana retreat — 10 day silent experience,@meditationadvanced,Advanced technique content — not appropriate for beginner query.,English,0,Wrong audience — advanced content for a beginner query
Q15,symptoms of vitamin D deficiency,Informational,Signs You're Low on Vitamin D,@drwellness_md,"Doctor lists fatigue, bone pain, mood changes, and frequent illness. Medically accurate.",English,3,
Q15,symptoms of vitamin D deficiency,Informational,I was vitamin D deficient and didn't know,@healthstorytime,Personal account of diagnosis journey with symptoms listed.,English,3,
Q15,symptoms of vitamin D deficiency,Informational,Vitamin D vs Vitamin D3 — what's the difference?,@nutritionscience_tt,Explains the form distinction. Adjacent but not about deficiency symptoms.,English,2,
Q15,symptoms of vitamin D deficiency,Informational,Sun exposure and vitamin D — how long do you need?,@dermatology_basics,Covers synthesis via sunlight. Tangentially related.,English,2,
Q15,symptoms of vitamin D deficiency,Informational,Vitamin D supplement review (sponsored),@supplementinfluencer,Promotional content for a specific brand without deficiency symptom discussion.,English,0,Promotional content — no discussion of deficiency symptoms
Q16,how to parallel park,Informational,Parallel Parking Made Easy — Step by Step,@drivinginstructor_pro,Uses reference point method with dashboard camera showing tire position.,English,3,
Q16,how to parallel park,Informational,Parallel parking FAILS compilation,@dashcam_fails,Entertainment compilation of parking fails. Zero instructional value.,English,0,"Wrong intent — entertainment only, no instructional value"
Q16,how to parallel park,Informational,New driver tips — parallel parking guide,@newdriver_tt,Beginner-friendly walkthrough with top-down diagram animation.,English,3,
Q16,how to parallel park,Informational,Tesla autopilot parallel parks for me,@teslalife_tt,Shows Tesla's automated parking feature. Not relevant to learning manually.,English,0,"Wrong intent — about automated parking, not learning to park"
Q16,how to parallel park,Informational,Einparken lernen — Schritt fur Schritt,@fahrschule_de,German driving lesson on parallel parking. No English.,German,0,Wrong language — German result for English query
Q17,what causes inflation,Informational,Inflation Explained in Under 2 Minutes,@econ101_tt,"Covers demand-pull, cost-push, and monetary supply. Accurate and accessible.",English,3,
Q17,what causes inflation,Informational,Why did inflation spike in 2022?,@economywatch,Specific post-pandemic analysis. Highly relevant and well-sourced.,English,3,
Q17,what causes inflation,Informational,How the Federal Reserve fights inflation,@fedexplained,Covers interest rate policy. Excellent complement to causes explanation.,English,2,
Q17,what causes inflation,Informational,Inflation hacks — how to save money right now,@moneysaving_tips,Practical tips but does not explain causes. Wrong intent.,English,1,"Wrong intent — practical tips, not an explanation of causes"
Q17,what causes inflation,Informational,La inflacion en Mexico explicada,@economia_mx,Spanish economic analysis. No English subtitles.,Spanish,0,Wrong language — Spanish result for English query
Q18,how to train a puppy not to bite,Informational,Stop Puppy Biting in 3 Days — Dog Trainer Tips,@certifieddogtrainer,APDT-certified trainer demonstrates bite inhibition and redirection methods.,English,3,
Q18,how to train a puppy not to bite,Informational,Why puppies bite — understanding the behavior first,@dogbehaviorist_tt,Explains developmental biting stages. Context before technique.,English,3,
Q18,how to train a puppy not to bite,Informational,Puppy biting my hands — help! Q&A,@dogtrainer_qa,Answers common viewer questions about bite training.,English,2,
Q18,how to train a puppy not to bite,Informational,Cute puppy compilation,@puppylove_viral,Viral puppy content — completely irrelevant to training.,English,0,"Wrong intent — pure entertainment, nothing about training"
Q18,how to train a puppy not to bite,Informational,My dog STILL bites at 2 years old,@dogproblems_help,About adult dog biting — different behavior and training approach than puppy biting.,English,1,"Off-topic — adult dog behavior, different from puppy training"
Q19,how to read faster,Informational,Speed Reading Techniques That Actually Work,@learninglab_tt,"Evidence-based: subvocalization reduction, chunking, and peripheral vision training.",English,3,
Q19,how to read faster,Informational,I read 52 books last year — my reading system,@bookreviewer_pro,Practical reading habit system. More about volume than speed.,English,2,
Q19,how to read faster,Informational,Speed reading apps — tested and ranked,@appreviewer_learning,Reviews Spreeder and ReadMe apps. Adjacent — tools not techniques.,English,2,
Q19,how to read faster,Informational,Speed reading myth — does it actually work?,@scienceoflearning,Nuanced look at speed reading research. May discourage rather than guide.,English,2,
Q19,how to read faster,Informational,Best books to read in 2024,@bookrecommender,Book recommendations — completely unrelated to reading speed.,English,0,"Wrong intent — book recommendations, not reading speed"
Q20,how does the stock market work,Informational,Stock Market Basics for Complete Beginners,@investingeasy,"Covers exchanges, shares, market cap, and supply-demand price mechanism.",English,3,
Q20,how does the stock market work,Informational,Why stock prices go up and down — explained,@marketbasics_tt,"Focuses on price discovery, earnings reports, and sentiment. Clear.",English,3,
Q20,how does the stock market work,Informational,How to read a stock chart for beginners,@trading101_tt,Chart reading tutorial. Useful follow-up but not how the market works fundamentally.,English,2,
Q20,how does the stock market work,Informational,"I lost $10,000 in the stock market — story time",@tradingfails,Entertainment/warning content. Low educational depth.,English,1,"Low value — entertainment/warning, no educational depth"
Q20,how does the stock market work,Informational,Stock market news today — live update,@marketlive_tt,Live news update — ephemeral content not suited to an explanatory query.,English,0,"Wrong intent — live news, not an explanation of how it works"
Q21,@gordonramsay tiktok,Navigational,Gordon Ramsay reacts to your cooking disasters,@gordongram,Official Gordon Ramsay account — verified. Duet reactions to viewer cooking fails.,English,3,
Q21,@gordonramsay tiktok,Navigational,Gordon Ramsay best moments TikTok compilation,@topchefmoments,Fan-made compilation. Not the official page.,English,1,Fan compilation — not the official account
Q21,@gordonramsay tiktok,Navigational,Gordon Ramsay lamb sauce recipe,@foodrecipes_daily,Fan recipe replication. Not Gordon Ramsay himself.,English,1,Fan content — not Gordon Ramsay himself
Q21,@gordonramsay tiktok,Navigational,Top chef TikToks you need to see,@foodtok_roundup,Roundup including Gordon Ramsay and 9 other chefs — does not surface the target account.,English,0,"Wrong intent — roundup of multiple chefs, not the target account"
Q21,@gordonramsay tiktok,Navigational,Gordon Ramsay Hell's Kitchen highlight,@tvclipsdaily,TV clip reposted by a media account — not the official Gordon Ramsay TikTok.,English,1,Media repost — not the official TikTok account
Q22,nike official tiktok,Navigational,Nike Running Motivation — Push Your Limits,@nike,Verified Nike official account. Campaign video featuring elite runners.,English,3,
Q22,nike official tiktok,Navigational,Nike Air Max unboxing,@sneakerheadofficial,Popular sneaker creator — not Nike's official account.,English,1,Third-party creator — not Nike official
Q22,nike official tiktok,Navigational,Best Nike deals this week,@dealsanddiscounts,Affiliate deal account. Unrelated to finding Nike's official presence.,English,0,"Wrong intent — deal aggregator, not the official account"
Q22,nike official tiktok,Navigational,Nike vs Adidas — which brand wins?,@sneakerreview_tt,Brand comparison video. Not navigational.,English,1,Related topic but not navigational to Nike account
Q22,nike official tiktok,Navigational,Nike sneaker collection show-off,@streetwear_culture,Streetwear creator showing Nike collection. Not the official account.,English,1,Fan content — not the official Nike account
Q23,duolingo tiktok account,Navigational,Duolingo owl unhinged TikTok moments,@duolingo,Verified Duolingo account. Brand-building viral content with the owl mascot.,English,3,
Q23,duolingo tiktok account,Navigational,Duolingo streak memes compilation,@languagememes,Fan account. Not the official account.,English,1,Fan account — not official Duolingo
Q23,duolingo tiktok account,Navigational,How I learned Spanish with Duolingo — 6 month review,@languagelearner_vlog,App review and learning journey. Not navigational.,English,1,App review — not navigational to the account
Q23,duolingo tiktok account,Navigational,Duolingo vs Babbel — which language app is better?,@appreviewer_languages,Comparison review. Not navigating to an account.,English,0,"Wrong intent — comparison, not the Duolingo account"
Q23,duolingo tiktok account,Navigational,Duolingo owl cosplay tutorial,@cosplay_creator,Cosplay content — extremely tangential.,English,0,"Wrong intent — cosplay content, completely off"
Q24,nba tiktok official,Navigational,Top NBA Plays of the Week,@nba,Verified NBA account. Weekly top 10 highlights.,English,3,
Q24,nba tiktok official,Navigational,NBA Finals highlights best moments,@basketballfan_edits,Fan edit account. Not the official NBA.,English,1,Fan edit account — not the official NBA
Q24,nba tiktok official,Navigational,LeBron James career highlights,@lebronfan_tt,Player-focused fan account. Not the official NBA.,English,1,Player fan account — not the official NBA
Q24,nba tiktok official,Navigational,NBA 2K25 gameplay highlights,@nba2k_clips,Video game content — completely unrelated to the official account.,English,0,Wrong intent — video game content
Q24,nba tiktok official,Navigational,Basketball training drills,@coachbasketball,Training content. No connection to official NBA account.,English,0,"Wrong intent — training content, no connection to official NBA"
Q25,charli damelio tiktok,Navigational,charli damelio new dance 2024,@charlidamelio,Verified Charli D'Amelio account. Latest dance content.,English,3,
Q25,charli damelio tiktok,Navigational,charli damelio compilation — best dances,@dancecompilations,Fan compilation. Not her account.,English,1,Fan compilation — not her account
Q25,charli damelio tiktok,Navigational,damelio show behind the scenes,@dameliofamily,Family account — related but not Charli's primary account.,English,2,Family account — related but not Charli's primary account
Q25,charli damelio tiktok,Navigational,TikTok most followed creators ranked,@socialstats_tt,Statistics content. Mentions Charli but is not her account.,English,0,"Wrong intent — stats content, not her account"
Q25,charli damelio tiktok,Navigational,dances that went viral on TikTok 2024,@viral_dances,General viral dance content. Charli not featured.,English,0,"Wrong intent — general viral content, Charli not featured"
Q26,ted talks tiktok,Navigational,The Secret to a Happy Life — TED Talk Clip,@ted,Verified TED account. Curated talk excerpts.,English,3,
Q26,ted talks tiktok,Navigational,Life-changing TED Talk moments compilation,@motivation_clips,Fan compilation of TED clips. Not the official account.,English,1,Fan compilation — not the official TED account
Q26,ted talks tiktok,Navigational,TED-style talk: How I became a millionaire,@entrepreneur_speaker,Self-produced talk mimicking TED format. Not TED.,English,0,"Wrong intent — impersonating TED format, not TED"
Q26,ted talks tiktok,Navigational,Best TED talks ranked by topic,@learningcurated,Curated list post. Not the official account.,English,0,"Wrong intent — list content, not the official account"
Q26,ted talks tiktok,Navigational,Public speaking tips from a TEDx speaker,@publicspeaking_coach,Adjacent content — coach who has given a TEDx talk.,English,0,"Wrong intent — adjacent creator, not TED"
Q27,nasa tiktok channel,Navigational,NASA captures stunning new galaxy images,@nasa,Verified NASA account. Hubble and JWST imagery with narration.,English,3,
Q27,nasa tiktok channel,Navigational,NASA explained — what do they actually do?,@sciencechannel_tt,Educational about NASA's mission. Not the official account.,English,1,Educational about NASA but not the official account
Q27,nasa tiktok channel,Navigational,Space exploration future — NASA Mars mission,@spacefuture_tt,Space enthusiast creator. Covers NASA topics but is not NASA.,English,1,Space enthusiast — covers NASA topics but not NASA itself
Q27,nasa tiktok channel,Navigational,ISS astronaut daily life,@astronaut_irl,Former astronaut creator. Not the official NASA account.,English,2,Former astronaut — related but not official NASA
Q27,nasa tiktok channel,Navigational,Flat earth vs NASA — debate,@conspiracy_debunked,Debunking content. Mentions NASA but unrelated to the account.,English,0,Wrong intent — conspiracy debunking content
Q28,tasty buzzfeed tiktok,Navigational,3-Ingredient Chocolate Lava Cake,@tasty,Verified Tasty account. Characteristic overhead recipe format.,English,3,
Q28,tasty buzzfeed tiktok,Navigational,Tasty recipe dupes — made them myself,@homecook_tt,Recreates Tasty recipes. Not the official account.,English,1,Fan who recreates Tasty recipes — not official
Q28,tasty buzzfeed tiktok,Navigational,Buzzfeed employee reveals what it's really like,@formerbuzzfeed,Former employee content. Not Tasty's official account.,English,0,"Wrong intent — behind the scenes gossip, not the Tasty account"
Q28,tasty buzzfeed tiktok,Navigational,Easy 3-ingredient recipes compilation,@quickrecipes_viral,Similar format to Tasty but unaffiliated.,English,1,Similar format but unaffiliated creator
Q28,tasty buzzfeed tiktok,Navigational,Tasty vs Binging with Babish — who is better?,@foodchannel_compare,Comparison content. Not navigational.,English,0,"Wrong intent — comparison content, not navigational"
Q29,the rock dwayne johnson tiktok,Navigational,Dwayne Johnson morning workout 4am,@therock,Verified account. Classic motivational gym content.,English,3,
Q29,the rock dwayne johnson tiktok,Navigational,The Rock's diet — what he actually eats,@nutrition_celebrity,Content about The Rock but not his own account.,English,1,Content about him — not his own account
Q29,the rock dwayne johnson tiktok,Navigational,Dwayne Johnson movies ranked,@moviereviews_tt,Film content mentioning him. Not his official presence.,English,0,"Wrong intent — film content, not his TikTok"
Q29,the rock dwayne johnson tiktok,Navigational,Rock vs Stone Cold — WWE legends,@wwelegacy_tt,Wrestling nostalgia content. Not his TikTok account.,English,0,"Wrong intent — wrestling nostalgia, not his account"
Q29,the rock dwayne johnson tiktok,Navigational,Celebrity gym workout routines 2024,@gymceleb_tt,General celebrity workout roundup. The Rock mentioned but not featured.,English,0,"Wrong intent — general roundup, not his account"
Q30,national geographic tiktok,Navigational,Inside a lion pride — rare footage,@natgeo,Verified NatGeo account. Wildlife documentary clip.,English,3,
Q30,national geographic tiktok,Navigational,Incredible animal facts compilation,@animalfacts_viral,Wildlife facts content. Not the official NatGeo account.,English,1,Wildlife facts — not the official NatGeo account
Q30,national geographic tiktok,Navigational,National Geographic best photos 2024,@photojournalism_tt,Photo content inspired by NatGeo. Not official.,English,1,Photo content inspired by NatGeo — not official
Q30,national geographic tiktok,Navigational,Ocean documentary — deep sea creatures,@ocean_explorer_tt,Marine biology content. Not NatGeo official.,English,1,Marine biology content — not NatGeo official
Q30,national geographic tiktok,Navigational,Wildlife photography tips — how to shoot animals,@naturephotography,Photography tutorial. Unrelated to navigating to the account.,English,0,"Wrong intent — photography tutorial, not navigational"
Q31,espn tiktok,Navigational,Steph Curry impossible shots compilation,@espn,Verified ESPN account. Sports highlights and news.,English,3,
Q31,espn tiktok,Navigational,Sports news today — all leagues,@sportsnewstoday,Sports news aggregator. Not ESPN official.,English,1,Sports aggregator — not ESPN official
Q31,espn tiktok,Navigational,ESPN vs Fox Sports — which is better?,@sportsmediadebate,Media comparison. Not navigational.,English,0,"Wrong intent — media comparison, not navigational"
Q31,espn tiktok,Navigational,Monday Night Football highlights,@nflfan_edits,NFL fan edit account. Not ESPN.,English,1,NFL fan edits — not ESPN
Q31,espn tiktok,Navigational,Top 10 sports moments of the decade,@sportsmemory_tt,Nostalgia compilation. Not ESPN official.,English,1,Nostalgia compilation — not ESPN official
Q32,mrbeast tiktok,Navigational,I Built a House in 24 Hours for a Stranger,@mrbeast,Verified MrBeast account. Signature challenge philanthropy format.,English,3,
Q32,mrbeast tiktok,Navigational,MrBeast challenge recreated on $100,@budgetchallenge_tt,Inspired by MrBeast but unaffiliated low-budget recreation.,English,1,Inspired by MrBeast but unaffiliated
Q32,mrbeast tiktok,Navigational,How MrBeast makes money — YouTube strategy,@creatoreconomy_tt,Business analysis of MrBeast's model. Not his account.,English,1,Analysis of MrBeast — not his account
Q32,mrbeast tiktok,Navigational,Feastables chocolate review,@snackreview_tt,Reviews MrBeast's chocolate brand. Not his main account.,English,2,Reviews MrBeast's brand — related but not his main account
Q32,mrbeast tiktok,Navigational,Best TikTok challenge videos 2024,@challenges_viral,General challenge roundup. MrBeast not featured.,English,0,"Wrong intent — general challenge roundup, MrBeast not featured"
Q33,netflix tiktok,Navigational,New shows dropping on Netflix this month,@netflix,Verified Netflix account. Monthly release highlights.,English,3,
Q33,netflix tiktok,Navigational,Netflix hidden gems you haven't seen,@streamingguide_tt,Third-party Netflix recommendation content.,English,1,Third-party recommendation — not Netflix official
Q33,netflix tiktok,Navigational,Netflix vs Disney+ vs HBO — best value 2024,@streamingcomparison,Streaming service comparison. Not navigational.,English,0,"Wrong intent — streaming comparison, not navigational"
Q33,netflix tiktok,Navigational,Show recommendations based on your mood,@watchthis_tt,Recommendation algorithm content. Not Netflix official.,English,0,"Wrong intent — algorithm content, not Netflix official"
Q33,netflix tiktok,Navigational,Netflix cancels beloved show — fan reaction,@entertainmentnews_tt,News about Netflix but not the official account.,English,1,News about Netflix but not the official account
Q34,cdc health tips tiktok,Navigational,Flu season is here — how to protect yourself,@cdcgov,Verified CDC account. Public health guidance.,English,3,
Q34,cdc health tips tiktok,Navigational,CDC guidelines explained — a doctor's take,@publichealth_md,Medical professional explaining CDC guidelines. Not official CDC.,English,1,Medical professional explaining CDC — not official CDC
Q34,cdc health tips tiktok,Navigational,How to stay healthy in winter — tips,@wellness_community,General wellness tips. Not CDC official.,English,1,General wellness — not CDC official
Q34,cdc health tips tiktok,Navigational,COVID vaccine update 2024,@vaccinescience_tt,Vaccine science content. Not the official CDC account.,English,1,Vaccine content — not the official CDC account
Q34,cdc health tips tiktok,Navigational,Government health misinformation exposed,@factcheck_health,Critical content about health agencies. Not navigational.,English,0,Wrong intent — critical opinion content
Q35,met museum tiktok,Navigational,What's hidden inside the Egyptian wing,@metmuseum,Verified Met Museum account. Behind-the-scenes art content.,English,3,
Q35,met museum tiktok,Navigational,Met Gala best outfits ranked,@fashioncritique_tt,Met Gala fashion content. Not the museum's official account.,English,0,"Wrong intent — fashion event, not the museum account"
Q35,met museum tiktok,Navigational,Art history lessons — Renaissance paintings,@arthistory_tt,Art education content. Not the Met's official presence.,English,1,Art education — not the Met official
Q35,met museum tiktok,Navigational,New York City tourist guide — top museums,@nycguide_tt,Travel guide mentioning the Met. Not navigational.,English,1,Travel guide mentioning the Met — not navigational
Q35,met museum tiktok,Navigational,Famous paintings explained in 60 seconds,@artexplained,Art content unaffiliated with the Met.,English,1,Art content unaffiliated with the Met
Q36,white house tiktok,Navigational,A day inside the White House,@whitehouse,Verified White House account. Official government communications.,English,3,
Q36,white house tiktok,Navigational,White House press briefing highlights,@politicsnews_tt,News content about the White House. Not the official account.,English,1,News content about the White House — not official
Q36,white house tiktok,Navigational,History of the White House — architect revealed,@ushistory_tt,Historical educational content. Not official.,English,1,Historical content — not the official account
Q36,white house tiktok,Navigational,Presidential daily schedule — what does a president do?,@civics101_tt,Civics educational content. Not official.,English,1,Civics content — not official
Q36,white house tiktok,Navigational,Political commentary — White House latest,@politicaltakes_tt,Opinion content. Not the official account.,English,0,"Wrong intent — opinion content, not navigational"
Q37,harvard university tiktok,Navigational,What it's actually like to be a Harvard student,@harvard,Verified Harvard University account. Campus life and admissions content.,English,3,
Q37,harvard university tiktok,Navigational,Harvard admissions essay tips,@collegeadmissions_coach,College prep creator. Not the official Harvard account.,English,1,College prep creator — not the official Harvard account
Q37,harvard university tiktok,Navigational,Harvard vs MIT — which is better?,@universityranking_tt,Comparison content. Not navigational.,English,0,"Wrong intent — comparison, not navigational"
Q37,harvard university tiktok,Navigational,Ivy League student day in the life,@ivyleague_life,Student vlogger at an Ivy League school. Not Harvard official.,English,1,Student vlogger — not Harvard official
Q37,harvard university tiktok,Navigational,Free Harvard courses online 2024,@freeeducation_tt,Online course content. References Harvard but not official.,English,1,References Harvard but not official
Q38,mit opencourseware tiktok,Navigational,Linear algebra in 60 seconds — MIT lecture clip,@mitocw,Verified MIT OCW account. Educational math and science content.,English,3,
Q38,mit opencourseware tiktok,Navigational,How to access free MIT courses online,@freeeducation_tt,Tutorial about MIT OCW. Not the official account.,English,1,Tutorial about MIT OCW — not the official account
Q38,mit opencourseware tiktok,Navigational,Engineering explained simply,@engineeringquick,Engineering education content. Not MIT official.,English,1,Engineering education — not MIT official
Q38,mit opencourseware tiktok,Navigational,Self-studying computer science with free resources,@selftaught_dev,Self-teaching content that mentions MIT OCW.,English,1,Mentions MIT OCW but not the account
Q38,mit opencourseware tiktok,Navigational,STEM career advice for students,@stemcareers_tt,Career guidance. Not navigational.,English,0,"Wrong intent — career guidance, not navigational"
Q39,world health organization tiktok,Navigational,WHO global disease outbreak update,@who,Verified WHO account. Global public health alerts.,English,3,
Q39,world health organization tiktok,Navigational,Is the WHO trustworthy? A fact check,@healthfactcheck_tt,Critical analysis of WHO credibility. Not official.,English,0,"Wrong intent — critical opinion, not the official account"
Q39,world health organization tiktok,Navigational,Global health statistics 2024,@globalhealth_data,Health data content. Not the official WHO account.,English,1,Health data — not the official WHO account
Q39,world health organization tiktok,Navigational,Pandemic preparedness — are we ready?,@publichealth_podcast,Discussion content. Not official.,English,1,Discussion content — not official
Q39,world health organization tiktok,Navigational,Healthcare systems around the world,@medicalsystems_tt,Educational comparison content. Not navigational.,English,0,"Wrong intent — educational comparison, not navigational"
Q40,apple tiktok official,Navigational,iPhone 16 — introducing the new camera system,@apple,Verified Apple account. Product launch content.,English,3,
Q40,apple tiktok official,Navigational,iPhone 16 hands-on — first impressions,@techreviewer_apple,Third-party reviewer. Not Apple official.,English,1,Third-party reviewer — not Apple official
Q40,apple tiktok official,Navigational,Apple vs Android — the debate continues,@techcomparison_tt,Platform debate content. Not navigational.,English,0,"Wrong intent — platform debate, not navigational"
Q40,apple tiktok official,Navigational,How to switch from Android to iPhone,@appletips_tt,Tutorial content. Not the official Apple account.,English,1,Tutorial — not the official Apple account
Q40,apple tiktok official,Navigational,Apple AirPods Pro 2 review,@audioreview_tt,Product review by third party. Not Apple official.,English,1,Third-party review — not Apple official
Q41,buy stanley cup tiktok shop,Transactional,Stanley Quencher 40oz — TikTok Shop Deal,@dealsbydeanna,"Affiliate creator with active TikTok Shop link. Shows product, current price ($35), buy now button.",English,3,
Q41,buy stanley cup tiktok shop,Transactional,Stanley Cup Haul — All the Colors,@hydrationobsessed,Unboxing haul — shows multiple Stanley cups but no direct purchase link.,English,2,
Q41,buy stanley cup tiktok shop,Transactional,Stanley vs YETI vs Hydro Flask — which is worth it?,@drinkwarereviews,Comparison review — useful for research but not a direct transactional result.,English,1,"Wrong intent — research content, not a direct buy path"
Q41,buy stanley cup tiktok shop,Transactional,Stanley cup sold out everywhere — try this instead,@alternativeproducts,Redirects to a different tumbler brand. Does not fulfill stated purchase intent.,English,0,Wrong intent — redirects away from stated purchase goal
Q41,buy stanley cup tiktok shop,Transactional,Como comprar en TikTok Shop desde Mexico,@tiktokshop_mx,Spanish tutorial on how to use TikTok Shop — not about Stanley cups.,Spanish,0,Wrong language — Spanish result for English query
Q42,how to join tiktok creator fund,Transactional,TikTok Creator Fund — How to Apply in 2024,@creatortips_official,Step-by-step eligibility and application walkthrough inside the TikTok app.,English,3,
Q42,how to join tiktok creator fund,Transactional,Is the TikTok Creator Fund worth it? Honest review,@contentcreator_honest,Earnings disclosure and honest assessment of fund payouts.,English,2,
Q42,how to join tiktok creator fund,Transactional,TikTok monetization — all options explained,@monetization_guide,Broader monetization overview. Not specifically about the Creator Fund application.,English,1,Too broad — not specifically about the application process
Q42,how to join tiktok creator fund,Transactional,How much I earn per 1 million views on TikTok,@tiktokearnings_revealed,Earnings data — not about the application process.,English,1,"Off-topic — earnings data, not how to apply"
Q42,how to join tiktok creator fund,Transactional,Como ganar dinero en TikTok 2024,@creadores_tt,Spanish tutorial on TikTok monetization. No English.,Spanish,0,Wrong language — Spanish result for English query
Q43,download tiktok video without watermark,Transactional,Save TikTok Videos Without Watermark — 3 Methods,@techshortcuts,"SnapTik, SSSTikTok, and built-in reposter method with screen recording.",English,3,
Q43,download tiktok video without watermark,Transactional,TikTok watermark remover app — tested,@apptest_tt,Tests 5 third-party apps and ranks them by ease and quality.,English,3,
Q43,download tiktok video without watermark,Transactional,TikTok privacy — who can download your videos?,@privacyguide_tt,Privacy settings tutorial. Not about downloading — wrong intent.,English,0,"Wrong intent — about privacy settings, not downloading"
Q43,download tiktok video without watermark,Transactional,How to screen record on iPhone and Android,@techbasics_tt,General screen record tutorial. A workaround but not the best method.,English,1,Partial workaround — not the best method for this task
Q43,download tiktok video without watermark,Transactional,TikTok copyright rules explained,@digitallaw_tt,Legal content about TikTok copyright. Not transactional.,English,0,"Wrong intent — legal content, not transactional"
Q44,book taylor swift concert tickets,Transactional,Taylor Swift Tickets — How to Actually Get Them,@concertguide_tt,"Covers Ticketmaster Verified Fan, resale apps, and alert strategies.",English,0,Outdated — Eras Tour has already concluded
Q44,book taylor swift concert tickets,Transactional,How I got Taylor Swift tickets — my strategy,@swiftie_tips,Personal strategy share including seat alert apps and timing tips.,English,0,Outdated — tour concluded
Q44,book taylor swift concert tickets,Transactional,SeatGeek vs StubHub — best for concert tickets,@ticketreviewer,Resale platform comparison. Broadly relevant but not Swift-specific.,English,2,
Q44,book taylor swift concert tickets,Transactional,Taylor Swift concert experience VLOG,@concertvlogs_tt,Concert vlog — entertainment not transactional guidance.,English,0,"Wrong intent — vlog, not a booking guide"
Q44,book taylor swift concert tickets,Transactional,Ticketmaster is broken — here's the receipts,@concertfan_frustrated,Grievance content about Ticketmaster. Not helpful for booking.,English,0,"Wrong intent — complaint content, not helpful for booking"
Q45,get spotify premium free trial,Transactional,Spotify Premium Free Trial — Sign Up Steps 2024,@apptricks_official,Current 3-month trial for new users with step-by-step walkthrough.,English,3,
Q45,get spotify premium free trial,Transactional,Spotify Student Discount — 50% off premium,@studentdeals_tt,Student pricing deal — related and transactional but different offer.,English,2,
Q45,get spotify premium free trial,Transactional,Spotify vs Apple Music vs YouTube Music — best value,@musicappreviews,Comparison review. Not transactional for the specific offer.,English,1,"Wrong intent — comparison, not how to sign up"
Q45,get spotify premium free trial,Transactional,How to cancel Spotify Premium,@cancelguide_tt,Cancellation tutorial. Opposite intent to signing up.,English,0,Wrong intent — opposite action to signing up
Q45,get spotify premium free trial,Transactional,Spotify family plan — how to set it up,@spotifytips_tt,Family plan setup. Adjacent but different product.,English,1,Different product — family plan not free trial
Q46,register for tiktok live,Transactional,How to Go LIVE on TikTok — Requirements 2024,@livecoach_tt,"Follower threshold, account age, and Live application process explained.",English,3,
Q46,register for tiktok live,Transactional,TikTok LIVE gifts explained — how to earn,@livemonetization_tt,About earning from lives — useful after setup but not about registration.,English,1,Post-setup content — assumes Live access already granted
Q46,register for tiktok live,Transactional,Best TikTok Live streaming setup,@streamsetup_tt,Equipment and setup guide. Assumes Live access already granted.,English,1,Equipment guide — assumes access already exists
Q46,register for tiktok live,Transactional,Why TikTok banned my LIVE — what to know,@contentpolicy_tt,Ban/violation content. Not about initial registration.,English,0,"Wrong intent — about bans, not registration"
Q46,register for tiktok live,Transactional,TikTok LIVE vs Instagram Live — which is better?,@platformcomparison,Platform comparison. Not transactional.,English,0,"Wrong intent — platform comparison, not transactional"
Q47,how to buy bitcoin coinbase,Transactional,Buy Bitcoin on Coinbase — Step by Step Tutorial,@cryptobasics_tt,Screen recording of Coinbase buy flow with KYC and payment method setup.,English,3,
Q47,how to buy bitcoin coinbase,Transactional,Coinbase vs Binance — which is safer for beginners,@cryptoexchanges,Comparison of exchanges. Not about completing a purchase.,English,2,
Q47,how to buy bitcoin coinbase,Transactional,Bitcoin price prediction 2025,@cryptoanalysis_tt,Price speculation content. Not transactional.,English,0,"Wrong intent — speculation, not how to buy"
Q47,how to buy bitcoin coinbase,Transactional,How to store Bitcoin safely after buying,@cryptosecurity_tt,Cold storage tutorial. Post-purchase — assumes transaction done.,English,1,Post-purchase content — assumes transaction done
Q47,how to buy bitcoin coinbase,Transactional,"I lost $50,000 in crypto — my story",@cryptoloss_diary,Warning story. Not transactional guidance.,English,0,"Wrong intent — warning story, not transactional"
Q48,how to cancel amazon prime,Transactional,Cancel Amazon Prime — Full Walkthrough 2024,@techhelp_quick,Step-by-step cancellation on both app and desktop.,English,3,
Q48,how to cancel amazon prime,Transactional,How to pause Amazon Prime instead of cancelling,@amazonhacks_tt,Alternative to cancellation — useful but different action.,English,2,
Q48,how to cancel amazon prime,Transactional,Amazon Prime benefits — is it worth keeping?,@amazonreviewer,Retention content. Opposite intent to cancellation.,English,0,"Wrong intent — retention content, opposite of cancellation"
Q48,how to cancel amazon prime,Transactional,Amazon Prime price increase — is it justified?,@consumeradvice_tt,Opinion content about pricing. Not transactional.,English,0,"Wrong intent — opinion content, not transactional"
Q48,how to cancel amazon prime,Transactional,Netflix vs Amazon Prime vs Disney+ comparison,@streamingdeals_tt,Platform comparison. Not about cancelling Prime.,English,0,"Wrong intent — streaming comparison, not about cancelling Prime"
Q49,apply for amazon warehouse jobs,Transactional,How to Apply for Amazon Warehouse Jobs — Full Guide,@jobhunt_tips,"Amazon Jobs website walkthrough, assessment test prep, and interview tips.",English,3,
Q49,apply for amazon warehouse jobs,Transactional,Amazon warehouse worker reality — what to expect,@amazonworker_honest,Day-in-the-life of a warehouse associate. Useful context for applicants.,English,2,
Q49,apply for amazon warehouse jobs,Transactional,Highest paying warehouse jobs 2024,@warehousejobs_ranked,Job comparison content. Not specifically about applying to Amazon.,English,1,Adjacent topic — not specifically about applying to Amazon
Q49,apply for amazon warehouse jobs,Transactional,Amazon layoffs 2024 — should you still apply?,@techjobmarket_tt,News and opinion content. Not transactional guidance.,English,1,News/opinion — not a how-to guide
Q49,apply for amazon warehouse jobs,Transactional,Work from home Amazon jobs — real or scam?,@jobscam_watch,WFH Amazon role investigation. Different type of Amazon job.,English,1,Different role type — not warehouse jobs
Q50,how to get tiktok verified badge,Transactional,TikTok Blue Checkmark — How to Get Verified 2024,@growthhacks_tt,"Notable account criteria, LIVE subscription path, and Creator Marketplace eligibility.",English,3,
Q50,how to get tiktok verified badge,Transactional,I got TikTok verified — here's exactly what I did,@verified_creator,Creator shares their verification journey and what triggered it.,English,3,
Q50,how to get tiktok verified badge,Transactional,TikTok algorithm secrets 2024,@algohacks_tt,Algorithm growth tips. Not about verification specifically.,English,0,"Wrong intent — algorithm tips, not about verification"
Q50,how to get tiktok verified badge,Transactional,How many followers do you need to get verified?,@tiktokstats_tt,Stats and thresholds discussion — partially answers the query.,English,2,
Q50,how to get tiktok verified badge,Transactional,Instagram verification vs TikTok verification — differences,@socialmedia_compare,Platform comparison. Not actionable for TikTok specifically.,English,1,Partially relevant but not actionable for TikTok specifically
Q51,start selling on etsy beginner guide,Transactional,Start Your Etsy Shop in 2024 — Complete Setup Guide,@etsyseller_tips,"Shop setup, SEO listing optimization, shipping profiles, and first sale tips.",English,3,
Q51,start selling on etsy beginner guide,Transactional,Etsy vs Shopify vs Amazon Handmade — where to sell?,@ecommercecompare,Platform comparison. Pre-decision research content.,English,1,Pre-decision research — not a setup guide
Q51,start selling on etsy beginner guide,Transactional,"I make $10,000/month on Etsy — here's how",@etsymillionaire,Success story with monetization tactics. Useful but not a setup guide.,English,2,
Q51,start selling on etsy beginner guide,Transactional,Etsy seller fees explained — how much does it cost?,@etsycosts_tt,Fee breakdown. Important context but not a how-to guide.,English,2,
Q51,start selling on etsy beginner guide,Transactional,Handmade business ideas 2024,@craftbusiness_tt,Business idea inspiration. Pre-transactional.,English,0,"Wrong intent — ideation content, not about setting up on Etsy"
Q52,how to open roth ira account,Transactional,Open a Roth IRA Step by Step — Fidelity Walkthrough,@retirementready_tt,Screen recording of Fidelity Roth IRA account opening with contribution limit context.,English,3,
Q52,how to open roth ira account,Transactional,Roth IRA vs Traditional IRA — which is right for you?,@retirement101_tt,Decision framework. Pre-action research stage.,English,1,Pre-decision content — not about opening an account
Q52,how to open roth ira account,Transactional,How much should I contribute to my Roth IRA?,@personalfinance_basics,Contribution strategy content. Post-setup question.,English,1,Post-setup question — not about opening the account
Q52,how to open roth ira account,Transactional,Best index funds for a Roth IRA 2024,@investingbasics_tt,Investment selection content. Assumes account already opened.,English,0,"Wrong intent — investment selection, assumes account already open"
Q52,how to open roth ira account,Transactional,Retirement planning in your 20s — full guide,@retirementplanning_young,Broad retirement guide. Mentions Roth IRA but not a setup walkthrough.,English,1,Too broad — mentions Roth IRA but not a setup walkthrough
Q53,sign up audible free trial,Transactional,Audible Free Trial — Get 3 Months for Free 2024,@booklovers_tt,Current trial offer with sign-up walkthrough and credit system explanation.,English,3,
Q53,sign up audible free trial,Transactional,Audible vs Scribd vs Spotify audiobooks — which is best?,@audiobooks_compare,Platform comparison. Pre-decision stage.,English,1,Pre-decision comparison — not about signing up
Q53,sign up audible free trial,Transactional,Best audiobooks on Audible right now,@audiobookrecs,Content recommendation. Assumes membership already exists.,English,0,"Wrong intent — content recommendations, assumes membership exists"
Q53,sign up audible free trial,Transactional,How to cancel Audible before the trial ends,@canceltips_tt,Cancellation guidance — practical context for new users.,English,1,Useful but opposite intent — cancellation not sign-up
Q53,sign up audible free trial,Transactional,I listen to 50 audiobooks a year — my system,@powerlistener_tt,Listening habit content. Not transactional.,English,0,"Wrong intent — listening habit content, not transactional"
Q54,set up google analytics website,Transactional,Google Analytics 4 Setup for Beginners 2024,@digitalmarketing_basics,GA4 property setup with tag installation and data stream walkthrough.,English,3,
Q54,set up google analytics website,Transactional,GA4 vs Universal Analytics — what changed?,@analytics_explained,Comparison of GA versions. Not a setup tutorial.,English,1,Comparison — not a setup tutorial
Q54,set up google analytics website,Transactional,Google Analytics events — how to track everything,@ga4mastery,Advanced event tracking content. Assumes setup complete.,English,1,Advanced content — assumes setup is already complete
Q54,set up google analytics website,Transactional,Best free analytics tools for websites 2024,@webtools_review,Platform comparison. GA4 is one option but not a setup guide.,English,0,"Wrong intent — platform comparison, not a GA4 setup guide"
Q54,set up google analytics website,Transactional,Why your Google Analytics traffic is wrong,@seo_troubleshoot,Troubleshooting content. Post-setup issue.,English,0,"Wrong intent — troubleshooting issue, post-setup problem"
Q55,submit music to spotify playlists,Transactional,How to Pitch Your Song to Spotify Editorial 2024,@musicbiz_tt,Spotify for Artists submission portal walkthrough with timing and framing tips.,English,3,
Q55,submit music to spotify playlists,Transactional,SubmitHub vs Groover vs direct pitch — which works?,@musicmarketing_tt,Third-party playlist submission service comparison. Adjacent.,English,2,
Q55,submit music to spotify playlists,Transactional,How to get on Spotify algorithmic playlists,@spotifygrowth_tt,Algorithmic playlists — different from editorial pitch. Related.,English,2,
Q55,submit music to spotify playlists,Transactional,Independent artist distribution — DistroKid vs TuneCore,@musicdistribution_compare,Distribution comparison. Pre-submission step.,English,0,"Wrong intent — distribution comparison, pre-submission step"
Q55,submit music to spotify playlists,Transactional,My song got on a Spotify playlist — what happened to streams,@musicgrowth_diary,Post-placement analytics. Not about submission process.,English,1,Post-placement analytics — not about the submission process
Q56,file taxes free online,Transactional,File Taxes for Free — IRS Free File Explained 2024,@taxhelp_tt,"IRS Free File, FreeTaxUSA, and income thresholds. Current for the tax year.",English,3,
Q56,file taxes free online,Transactional,TurboTax vs H&R Block vs FreeTaxUSA — 2024 review,@taxsoftware_compare,Comparison review including free and paid options.,English,2,
Q56,file taxes free online,Transactional,Tax deductions you're probably missing,@taxsavings_tt,Deduction optimization content. Not a how-to file guide.,English,0,"Wrong intent — deduction tips, not about how to file"
Q56,file taxes free online,Transactional,When is the tax deadline 2024?,@taxdates_tt,Date reminder content. Not transactional guidance on filing.,English,1,Useful but not how-to — date reminder only
Q56,file taxes free online,Transactional,I got audited by the IRS — here's what happened,@taxhorrorstory,Warning story. Not helpful for the filing process.,English,0,"Wrong intent — warning story, not helpful for filing"
Q57,find remote jobs hiring now,Transactional,Best Remote Job Sites in 2024 — Ranked,@remotework_tips,"Reviews LinkedIn, We Work Remotely, FlexJobs, and Remote.co with application tips.",English,3,
Q57,find remote jobs hiring now,Transactional,Remote jobs that pay $100k+ with no experience,@remotecareers_tt,High-paying remote job list. Useful but may have unrealistic framing.,English,1,Potentially misleading title — unrealistic framing
Q57,find remote jobs hiring now,Transactional,How to write a resume for remote jobs,@resumecoach_remote,Resume tips specific to remote applications. Adjacent.,English,2,
Q57,find remote jobs hiring now,Transactional,Work from home scams — how to spot them,@jobscam_alert,Scam warning content. Not about finding legitimate jobs.,English,1,Adjacent — useful context but not about finding jobs
Q57,find remote jobs hiring now,Transactional,Day in the life of a remote worker,@remoteworkvlog,Lifestyle content. Not transactional.,English,0,"Wrong intent — lifestyle content, not transactional"
Q58,use afterpay at checkout,Transactional,How to Use Afterpay at Checkout — Step by Step,@fintech_easy,Afterpay app checkout flow and payment schedule walkthrough.,English,3,
Q58,use afterpay at checkout,Transactional,Afterpay vs Klarna vs Affirm — best BNPL app?,@bynpl_compare,Buy now pay later comparison. Pre-decision research.,English,1,Pre-decision comparison — not how to use Afterpay
Q58,use afterpay at checkout,Transactional,Is Afterpay safe to use? Honest review,@financeadvice_tt,Safety and risk assessment. Context for new users.,English,2,
Q58,use afterpay at checkout,Transactional,How to pay off Afterpay early — tips,@debtfree_tt,Post-purchase financial advice. Assumes Afterpay already in use.,English,0,"Wrong intent — post-purchase advice, not how to use it at checkout"
Q58,use afterpay at checkout,Transactional,Stores that accept Afterpay 2024,@afterpaypartners,Merchant list. Related but not about the checkout process itself.,English,2,
Q59,apply for unemployment benefits,Transactional,How to File for Unemployment — What You Need 2024,@benefitsguide_tt,"General filing process, documentation needed, and state portal navigation tips.",English,3,
Q59,apply for unemployment benefits,Transactional,How long does unemployment take to process?,@uidetails_tt,Processing timeline and follow-up steps. Useful companion content.,English,2,
Q59,apply for unemployment benefits,Transactional,Unemployment benefits explained — how much will I get?,@benefitscalculator_tt,Benefits calculation explanation. Pre-application context.,English,2,
Q59,apply for unemployment benefits,Transactional,What to do while waiting for unemployment approval,@unemployed_support,Coping and interim income tips. Post-application — different stage.,English,1,Post-application — different stage from filing
Q59,apply for unemployment benefits,Transactional,Unemployment fraud — how the government catches cheaters,@governmentwaste_tt,Anti-fraud content. Completely different intent.,English,0,"Wrong intent — anti-fraud content, completely different"
Q60,open etrade brokerage account,Transactional,E*TRADE Account Setup — Beginner Walkthrough 2024,@investingtutorials,"Account opening, funding, and first trade screen recording.",English,3,
Q60,open etrade brokerage account,Transactional,E*TRADE vs Fidelity vs Schwab — which broker is best?,@brokercompare_tt,Broker comparison. Pre-decision stage.,English,1,Pre-decision comparison — not about opening the account
Q60,open etrade brokerage account,Transactional,Stock trading for beginners — what you need to know first,@trading101_tt,General trading education. Pre-platform stage.,English,1,Too general — not about E*TRADE account setup
Q60,open etrade brokerage account,Transactional,E*TRADE Power Platform tutorial — advanced features,@etrade_advanced,Advanced platform features. Too advanced for account setup query.,English,0,"Wrong audience — advanced features, not account setup"
Q60,open etrade brokerage account,Transactional,Best trading apps 2024 ranked,@tradingapps_review,App comparison. E*TRADE mentioned but not the setup guide.,English,0,"Wrong intent — app comparison, not a setup guide"
Q61,best noise cancelling headphones under $100,Commercial,Top 5 Noise Cancelling Headphones Under $100 (2024 Ranked),@techreviewer_pro,"Tests Sony WH-CH720N, Jabra Evolve2, and Anker Q45 with objective ANC measurements.",English,3,
Q61,best noise cancelling headphones under $100,Commercial,I Tested $50 vs $100 Headphones — Honest Review,@budgetaudio,Side-by-side comparison with real office environment ANC test.,English,3,
Q61,best noise cancelling headphones under $100,Commercial,Sony WH-1000XM5 Review,@sonyfan_reviews,Excellent review but for a $350 headphone — completely outside the stated budget.,English,0,"Wrong price tier — $350 headphone, outside stated budget"
Q61,best noise cancelling headphones under $100,Commercial,BEST headphones EVER (sponsored),@gadgetguy_tt,"Sponsored post for a single brand. No comparison, no testing methodology.",English,0,Sponsored with no comparison or testing — not a genuine review
Q61,best noise cancelling headphones under $100,Commercial,Headphone buying guide — all budgets,@audiophile_guide,General guide covering $50 to $500 options. Partially relevant.,English,2,
Q62,iphone 15 vs samsung s24 review,Commercial,"iPhone 15 vs Galaxy S24 — Full Comparison (Camera, Speed, Battery)",@smartphone_lab,"Side-by-side testing of camera, processor benchmarks, battery life, and build quality.",English,3,
Q62,iphone 15 vs samsung s24 review,Commercial,I switched from iPhone to Samsung — 30 day verdict,@techswitch_diary,Personal experience after a month of daily driving both devices.,English,3,
Q62,iphone 15 vs samsung s24 review,Commercial,Samsung S24 Ultra Review,@androidcentral_tt,Reviews the S24 Ultra specifically — not the base S24. Slightly off query.,English,2,
Q62,iphone 15 vs samsung s24 review,Commercial,Best phone camera 2024 — ranked,@mobilephotography,Camera-only ranking. Relevant but only one dimension of the comparison.,English,2,
Q62,iphone 15 vs samsung s24 review,Commercial,iPhone 15 unboxing day one,@applefanatic_tt,First impressions unboxing — not a comparative review.,English,1,First impressions only — no comparison to Samsung
Q63,is SKIMS shapewear worth it,Commercial,I Tried Every SKIMS Bodysuit — Honest Review,@fashionhonesty_tt,Tests 5 SKIMS styles across body types with sizing accuracy notes and wear testing.,English,3,
Q63,is SKIMS shapewear worth it,Commercial,SKIMS vs Spanx vs SHEIN dupes — the real comparison,@shapeweartest_tt,Competitive comparison with objective comfort and compression testing.,English,3,
Q63,is SKIMS shapewear worth it,Commercial,SKIMS haul — everything I bought,@fashionhaul_tt,Shopping haul without critical analysis. Not a genuine review.,English,1,Haul with no critical evaluation — not a genuine review
Q63,is SKIMS shapewear worth it,Commercial,Kim Kardashian's SKIMS brand story,@businessoffashion_tt,Brand origin story. Not about product quality.,English,0,"Wrong intent — brand origin story, not product quality"
Q63,is SKIMS shapewear worth it,Commercial,Affordable SKIMS dupes under $20,@budgetfashion_tt,Alternative products — helpful but not evaluating SKIMS itself.,English,1,Alternatives — not evaluating SKIMS itself
Q64,best air fryer 2024,Commercial,Top 5 Air Fryers Tested and Ranked — 2024,@kitchentester,"Tests temperature accuracy, capacity, noise, and ease of cleaning across 5 units.",English,3,
Q64,best air fryer 2024,Commercial,Ninja vs Instant Pot vs Cosori — which air fryer wins?,@appliancereviews,Head-to-head test of the most popular brands.,English,3,
Q64,best air fryer 2024,Commercial,Air fryer recipes you need to try,@airfryerrecipes,Recipe content. Not a product review.,English,0,"Wrong intent — recipe content, not a product review"
Q64,best air fryer 2024,Commercial,Is an air fryer actually worth it?,@kitchenskeptic,Value proposition analysis. Good companion content.,English,2,
Q64,best air fryer 2024,Commercial,Cheap air fryer I found at Walmart — review,@budgetkitchen,Single product review of a low-end model. Narrow scope.,English,1,Single low-end product — too narrow for a best-of query
Q65,best protein powder beginners,Commercial,Best Protein Powders for Beginners — Tested,@nutritionlab_tt,"Compares whey isolate, concentrate, and plant-based with taste tests and price-per-gram.",English,3,
Q65,best protein powder beginners,Commercial,How much protein do you actually need?,@sports_dietitian,Evidence-based protein intake guidance. Context for the purchase decision.,English,2,
Q65,best protein powder beginners,Commercial,Optimum Nutrition vs Dymatize vs Ghost — which wins?,@supplementscompare,Brand comparison. Good complement to a broader ranked list.,English,3,
Q65,best protein powder beginners,Commercial,Protein powder taste test — 10 brands blind tested,@blindtaste_supplements,Blind taste test. Highly credible methodology.,English,3,
Q65,best protein powder beginners,Commercial,Sponsored: try THIS protein powder,@fitnessinfluencer,Undisclosed or minimally disclosed sponsorship. Single brand promotion.,English,0,Sponsored single-brand promo — no comparison or independent review
Q66,quince clothing quality review,Commercial,I Bought 10 Quince Items — What's Worth It,@budgetluxury_tt,"Fabric quality, sizing accuracy, and value vs premium brands assessed across categories.",English,3,
Q66,quince clothing quality review,Commercial,Quince vs Everlane vs Uniqlo — best value basics?,@affordableluxury_review,Brand comparison for value-oriented buyers.,English,3,
Q66,quince clothing quality review,Commercial,Quince cashmere sweater — 1 year update,@longtermreviews,Year-long durability follow-up. Highly useful long-form perspective.,English,3,
Q66,quince clothing quality review,Commercial,Quince haul — everything I ordered,@fashionhaul_tt,Shopping haul without structured evaluation.,English,1,Haul with no structured evaluation
Q66,quince clothing quality review,Commercial,Sustainable fashion brands ranked 2024,@ecofashion_tt,Broader sustainability ranking that includes Quince.,English,2,
Q67,best cashback credit cards 2024,Commercial,Top 5 Cash Back Credit Cards — 2024 Comparison,@creditcardreviewer,"Compares Citi Double Cash, Chase Freedom Unlimited, Discover it with annual fee analysis.",English,3,
Q67,best cashback credit cards 2024,Commercial,No annual fee credit cards — best value picks,@creditguide_tt,Focuses on no-fee cards specifically. Highly relevant subset.,English,3,
Q67,best cashback credit cards 2024,Commercial,Chase Sapphire vs AMEX Gold — travel cards compared,@travelcards_review,Travel rewards comparison. Different card category than cashback.,English,0,"Wrong category — travel rewards, not cashback cards"
Q67,best cashback credit cards 2024,Commercial,How credit card cashback actually works,@creditbasics_tt,Mechanics explanation. Useful context before choosing a card.,English,2,
Q67,best cashback credit cards 2024,Commercial,Credit card churning strategy — advanced,@creditchurning_tt,Advanced optimization content. Wrong audience for a best card query.,English,0,Wrong audience — advanced strategy for a best-card query
Q68,electric vehicle comparison 2024,Commercial,Tesla Model 3 vs Chevy Equinox EV vs Rivian R1T — Compared,@evreviews_official,"Real-world range, charging speed, and total cost of ownership comparison.",English,3,
Q68,electric vehicle comparison 2024,Commercial,"Best EVs under $40,000 — 2024 ranked",@evdeals_tt,Budget-focused EV comparison. Highly relevant for practical buyers.,English,3,
Q68,electric vehicle comparison 2024,Commercial,Tesla vs Rivian — which is actually better?,@evfaceoff_tt,Two-brand comparison. More narrow than a full EV comparison.,English,2,
Q68,electric vehicle comparison 2024,Commercial,Electric vehicle charging infrastructure — is it ready?,@evinfrastructure_tt,Infrastructure analysis. Adjacent concern for EV buyers.,English,1,Adjacent concern — not a product comparison
Q68,electric vehicle comparison 2024,Commercial,Tesla stock analysis 2024,@stockanalyst_tt,Financial content about Tesla. Not about vehicle comparison.,English,0,"Wrong intent — financial content, not about vehicles"
Q69,ag1 greens supplement worth it,Commercial,AG1 Athletic Greens — 90 Day Honest Review,@supplementsreview,Tests over 90 days with bloodwork before and after. Highly credible methodology.,English,3,
Q69,ag1 greens supplement worth it,Commercial,AG1 vs Bloom Nutrition vs Organifi — greens comparison,@greenscompare_tt,Head-to-head comparison of popular greens powders.,English,3,
Q69,ag1 greens supplement worth it,Commercial,Why I stopped taking AG1 — 6 months later,@supplementshonesty,Long-term discontinuation review. Valuable alternative perspective.,English,3,
Q69,ag1 greens supplement worth it,Commercial,AG1 ingredients breakdown — is it worth the price?,@nutritionscience_tt,Ingredient-level analysis by a nutritionist.,English,3,
Q69,ag1 greens supplement worth it,Commercial,AG1 promo code — 20% off first month,@supplementdeals,Affiliate link promotion. No review content.,English,0,Affiliate promo only — no review content
Q70,best online mba programs ranked,Commercial,Best Online MBA Programs 2024 — ROI and Reputation Ranked,@mbacoach_tt,"Ranks programs by ROI, employer recognition, and flexibility. Cites USNWR data.",English,3,
Q70,best online mba programs ranked,Commercial,Is an online MBA worth it? Honest take,@mbahonesty_tt,Value proposition analysis from recent graduates.,English,3,
Q70,best online mba programs ranked,Commercial,Indiana vs Arizona State vs WGU online MBA — compared,@onlinemba_compare,"Specific program comparison with tuition, duration, and placement data.",English,3,
Q70,best online mba programs ranked,Commercial,MBA vs specialized Master's degree — which to choose,@gradschool_advice,Program type comparison. Pre-decision research.,English,1,"Program type comparison — pre-decision, not MBA-specific ranking"
Q70,best online mba programs ranked,Commercial,I got my online MBA — here's what happened to my career,@mba_career_update,Post-graduation career impact story. Useful proof point.,English,2,
Q71,lululemon vs alo yoga leggings,Commercial,Lululemon vs Alo Yoga — 6 Month Wear Test,@activewearreviewer,"Durability, comfort, pilling, and value comparison across running and yoga.",English,3,
Q71,lululemon vs alo yoga leggings,Commercial,Are Alo Yoga leggings worth the price?,@fitnessfashion_honest,Alo-focused review with value assessment.,English,2,
Q71,lululemon vs alo yoga leggings,Commercial,Best leggings under $50 — the real alternatives,@budgetactivewear,Budget alternatives comparison. Useful but diverges from premium comparison query.,English,1,Budget alternatives — diverges from premium comparison query
Q71,lululemon vs alo yoga leggings,Commercial,Lululemon leggings sizing guide — how to find your fit,@lulufitguide,Sizing advice for Lululemon. Not comparative.,English,1,Single brand only — no comparison
Q71,lululemon vs alo yoga leggings,Commercial,Activewear haul — Lululemon and Alo,@activewearhaul,Shopping haul. No comparative evaluation.,English,1,Haul with no comparative evaluation
Q72,best mattress back pain under 1000,Commercial,Top 5 Mattresses for Back Pain — Sleep Expert Tested,@sleepscience_tt,"Sleep specialist reviews Saatva, DreamCloud, and Purple with pressure point mapping.",English,3,
Q72,best mattress back pain under 1000,Commercial,I have chronic back pain — here's the mattress that helped,@backpain_honest,Personal experience review with orthopedic context.,English,3,
Q72,best mattress back pain under 1000,Commercial,Firm vs soft mattress — what's actually better for back pain?,@sleepscience_basics,Mattress firmness science. Important context for buyers.,English,2,
Q72,best mattress back pain under 1000,Commercial,Casper vs Purple vs Nectar — budget mattress comparison,@mattressreviews,"Comparison but focused on budget options, some over $1000.",English,2,
Q72,best mattress back pain under 1000,Commercial,Mattress in a box brands — are they a scam?,@furnitureskeptic,Category credibility analysis. Not a specific recommendation.,English,1,Category credibility — not a specific recommendation
Q73,ancestry dna test accuracy review,Commercial,AncestryDNA vs 23andMe vs MyHeritage — Full Comparison,@dnareviewer_tt,"Methodology, database size, turnaround time, and health feature accuracy compared.",English,3,
Q73,ancestry dna test accuracy review,Commercial,I took all 3 DNA tests — here's what was different,@dnaexperiment_tt,Personal experiment comparing results across all three kits.,English,3,
Q73,ancestry dna test accuracy review,Commercial,How accurate are DNA ancestry tests really?,@geneticsscience,Scientific explainer on confidence intervals and reference populations.,English,2,
Q73,ancestry dna test accuracy review,Commercial,AncestryDNA health upgrade — is it worth it?,@geneticshealth_tt,Health feature specifically. Narrower scope than full comparison.,English,2,
Q73,ancestry dna test accuracy review,Commercial,Family tree building tips with DNA results,@genealogy_tips,Post-purchase usage tips. Not evaluative of the test itself.,English,0,"Wrong intent — post-purchase usage, not evaluating the test"
Q74,best project management software small teams,Commercial,Asana vs Monday.com vs Notion — Real 90-Day Test,@productivityreviews,"Ease of use, features, integrations, and pricing tested across a real team workflow.",English,3,
Q74,best project management software small teams,Commercial,Notion vs Linear vs ClickUp — which wins for startups?,@startupsoftware_tt,Startup-focused comparison. Highly relevant.,English,3,
Q74,best project management software small teams,Commercial,How we manage our 5-person remote team — tool stack,@remoteteam_workflow,Real workflow case study with tool explanations.,English,2,
Q74,best project management software small teams,Commercial,Is Notion actually good for project management?,@notioncritique_tt,Notion-specific critical review. Narrower scope.,English,2,
Q74,best project management software small teams,Commercial,Project management certification — is PMP worth it?,@pmpcert_tt,Certification content. Not about software tools.,English,0,"Wrong intent — certification content, not about software"
Q75,hellofresh meal kit review,Commercial,I Used HelloFresh for 3 Months — Full Review,@mealkit_honesty,"Cost per serving, variety, prep time, and ingredient quality tracked over 3 months.",English,3,
Q75,hellofresh meal kit review,Commercial,HelloFresh vs Blue Apron vs EveryPlate — best value,@mealkitcompare,Head-to-head comparison of the major meal kit services.,English,3,
Q75,hellofresh meal kit review,Commercial,HelloFresh hidden costs — what they don't tell you,@consumerwatch_tt,Fee transparency analysis. Important for decision-making.,English,3,
Q75,hellofresh meal kit review,Commercial,HelloFresh vs grocery shopping — which is cheaper?,@frugalliving_tt,Cost comparison. Highly relevant to the commercial intent.,English,3,
Q75,hellofresh meal kit review,Commercial,HelloFresh recipe ideas — my 10 favorite boxes,@mealkitfan,Positive fan content without critical evaluation.,English,1,Fan content — positive but not a genuine review
Q76,best standing desk under 500,Commercial,Top 4 Standing Desks Under $500 — Engineer Tested,@deskreviewer_official,"Tests Flexispot, Uplift, and IKEA Bekant for stability, motor noise, and weight capacity.",English,3,
Q76,best standing desk under 500,Commercial,Flexispot vs Vari vs Autonomous — standing desk showdown,@homeofficereviews,Popular brand comparison with wobble testing and warranty analysis.,English,3,
Q76,best standing desk under 500,Commercial,Standing desk accessories you actually need,@desksetup_tt,Accessory recommendations. Assumes desk already purchased.,English,0,"Wrong intent — accessories, assumes desk already purchased"
Q76,best standing desk under 500,Commercial,Do standing desks actually improve health?,@ergonomics_science,Health benefit research review. Good pre-purchase context.,English,2,
Q76,best standing desk under 500,Commercial,IKEA standing desk hack — build for $200,@ikeahacks_tt,DIY alternative. Related but not a mainstream product comparison.,English,2,
Q77,is masterclass subscription worth it,Commercial,"MasterClass — 1 Year Review, Was It Worth $180?",@onlinelearning_review,Reviews 15 courses across categories. Honest about ideal user profile.,English,3,
Q77,is masterclass subscription worth it,Commercial,MasterClass vs Coursera vs Skillshare — which is better?,@onlinecourses_compare,Platform comparison. Directly answers the value question.,English,3,
Q77,is masterclass subscription worth it,Commercial,Best MasterClass courses — top 10 ranked,@masterclasstop,Course ranking. Useful but assumes subscription already purchased.,English,1,Assumes subscription purchased — not about worth
Q77,is masterclass subscription worth it,Commercial,How to get MasterClass for free or cheap,@dealseeker_tt,Discount and trial methods. Adjacent to the worth-it question.,English,2,
Q77,is masterclass subscription worth it,Commercial,Gordon Ramsay MasterClass — is it any good?,@chefreviews,Single instructor review. Narrow scope.,English,2,
Q78,best creatine monohydrate brand 2024,Commercial,Top 5 Creatine Brands — Third-Party Lab Tested,@supplementscience,"Lab purity results compared across Optimum Nutrition, Thorne, and bulk powder options.",English,3,
Q78,best creatine monohydrate brand 2024,Commercial,Creatine monohydrate vs HCL — which is better?,@creatineresearch_tt,Form comparison backed by research. Important for an informed purchase.,English,2,
Q78,best creatine monohydrate brand 2024,Commercial,Does creatine actually work? The science,@sportscience_tt,Evidence review on creatine efficacy. Pre-purchase context.,English,2,
Q78,best creatine monohydrate brand 2024,Commercial,How to take creatine — loading vs maintenance,@supplementprotocol,Usage protocol guide. Post-purchase — assumes brand already chosen.,English,0,"Wrong intent — usage protocol, assumes brand already chosen"
Q78,best creatine monohydrate brand 2024,Commercial,Sponsored: my favorite creatine (use code GYM20),@gyminfluencer,Single brand sponsorship. No comparison or independent evaluation.,English,0,Sponsored single-brand promo — no comparison
Q79,best vpn for streaming 2024,Commercial,ExpressVPN vs NordVPN vs Surfshark — 2024 Speed Test,@vpncomparison_tt,"Real streaming speeds, server counts, and Netflix unblocking ability compared.",English,3,
Q79,best vpn for streaming 2024,Commercial,Best free VPNs that actually work — ranked,@freevpn_review,Free VPN comparison. Different price tier than typical paid VPN query.,English,1,Different tier — free VPNs vs paid query
Q79,best vpn for streaming 2024,Commercial,How to use a VPN to access geo-blocked content,@vpntutorial_tt,How-to guide. Useful context but not a product comparison.,English,1,How-to guide — not a product comparison
Q79,best vpn for streaming 2024,Commercial,Is NordVPN actually worth it? 1 year review,@nordvpn_honest,Single-brand review. Narrower than a full comparison.,English,2,
Q79,best vpn for streaming 2024,Commercial,VPN for privacy vs VPN for streaming — what's different?,@vpnbasics_tt,Educational distinction content. Not a product recommendation.,English,1,Educational distinction — not a product recommendation
Q80,robot vacuum comparison 2024,Commercial,iRobot vs Roborock vs Eufy — Which Cleans Best?,@hometech_reviews,"Pet hair, carpet, and hardwood floor tests with navigation mapping comparison.",English,3,
Q80,robot vacuum comparison 2024,Commercial,Best robot vacuum under $300 — ranked 2024,@budget_hometech,Budget-tier comparison. Specific price bracket useful for deal-seekers.,English,3,
Q80,robot vacuum comparison 2024,Commercial,Roomba s9+ vs Roborock S8 Pro — premium showdown,@premiumtech_tt,High-end comparison. Potentially outside budget for the general query.,English,2,
Q80,robot vacuum comparison 2024,Commercial,Robot vacuum — are they actually worth it?,@hometech_skeptic,Value proposition analysis. Good companion to a comparison.,English,2,
Q80,robot vacuum comparison 2024,Commercial,How to maintain your robot vacuum — tips and tricks,@robovac_maintenance,Maintenance guide. Post-purchase — assumes vacuum already owned.,English,0,"Wrong intent — maintenance guide, assumes vacuum already owned"
